,precision,recall,f1-score,support
not sexist,0.678680981595092,0.6316916488222698,0.6543438077634011,1401.0
sexist,0.580146460537022,0.6298586572438163,0.6039813638288861,1132.0
accuracy,0.6308724832214765,0.6308724832214765,0.6308724832214765,0.6308724832214765
macro avg,0.6294137210660571,0.630775153033043,0.6291625857961436,2533.0
weighted avg,0.634645814663495,0.6308724832214765,0.6318367858392515,2533.0
