,precision,recall,f1-score,support
not sexist,0.7092198581560284,0.7032348804500703,0.7062146892655368,711.0
sexist,0.6245551601423488,0.6312949640287769,0.627906976744186,556.0
accuracy,0.6716653512233622,0.6716653512233622,0.6716653512233622,0.6716653512233622
macro avg,0.6668875091491886,0.6672649222394236,0.6670608330048614,1267.0
weighted avg,0.6720662890197965,0.6716653512233622,0.6718507680643758,1267.0
