,precision,recall,f1-score,support
not sexist,0.8355072463768116,0.8229835831548894,0.8291981301690039,1401.0
sexist,0.784908933217693,0.799469964664311,0.7921225382932167,1132.0
accuracy,0.8124753257007501,0.8124753257007501,0.8124753257007501,0.8124753257007501
macro avg,0.8102080897972523,0.8112267739096002,0.8106603342311103,2533.0
weighted avg,0.812894814282014,0.8124753257007501,0.8126290144945502,2533.0
