,precision,recall,f1-score,support
not sexist,0.8489425981873112,0.790436005625879,0.8186453022578295,711.0
sexist,0.7537190082644628,0.8201438848920863,0.7855297157622738,556.0
accuracy,0.8034727703235991,0.8034727703235991,0.8034727703235991,0.8034727703235991
macro avg,0.801330803225887,0.8052899452589827,0.8020875090100517,1267.0
weighted avg,0.8071554505968584,0.8034727703235991,0.8041131269685406,1267.0
