,precision,recall,f1-score,support
not sexist,0.8141399416909622,0.7972876516773733,0.8056256761630004,1401.0
sexist,0.7553832902670112,0.7747349823321554,0.7649367640645444,1132.0
accuracy,0.7872088432688512,0.7872088432688512,0.7872088432688512,0.7872088432688512
macro avg,0.7847616159789867,0.7860113170047643,0.7852812201137724,2533.0
weighted avg,0.7878815408177238,0.7872088432688512,0.78744176440009,2533.0
