,precision,recall,f1-score,support
not sexist,0.826025459688826,0.8213783403656821,0.8236953455571228,711.0
sexist,0.7732142857142857,0.7787769784172662,0.7759856630824373,556.0
accuracy,0.8026835043409629,0.8026835043409629,0.8026835043409629,0.8026835043409629
macro avg,0.7996198727015559,0.8000776593914742,0.79984050431978,1267.0
weighted avg,0.8028502325934476,0.8026835043409629,0.8027588155998023,1267.0
