,precision,recall,f1-score,support
0,0.7962697274031564,0.7805907172995781,0.7883522727272727,711.0
1,0.7263157894736842,0.7446043165467626,0.7353463587921848,556.0
accuracy,0.7647987371744278,0.7647987371744278,0.7647987371744278,0.7647987371744278
macro avg,0.7612927584384204,0.7625975169231703,0.7618493157597288,1267.0
weighted avg,0.7655717088642562,0.7647987371744278,0.7650915875276604,1267.0
