,precision,recall,f1-score,support
not sexist,0.6796657381615598,0.488,0.5681024447031432,500.0
sexist,0.8398999374609131,0.921124828532236,0.8786391887471376,1458.0
accuracy,0.8105209397344229,0.8105209397344229,0.8105209397344229,0.8105209397344229
macro avg,0.7597828378112365,0.704562414266118,0.7233708167251405,1958.0
weighted avg,0.798982113329311,0.8105209397344229,0.7993397137614393,1958.0
